time_s,pc0,pc1,pc2,pc3,i0,v0,i1,v1,i2,v2,i3,v3,i4,v4,i5,v5,i6,v6
22.379835,0,0,0,0,0.832873,5.027348,0.010449,1.581522,0.006612,1.510308,0.000000,0.000000,0.000000,0.000000,0.000000,0.000000,0.000000,0.000000
22.379923,0,0,0,0,0.838170,5.029649,0.010449,1.582291,0.006612,1.512613,0.000000,0.000000,0.000000,0.000000,0.000000,0.000000,0.000000,0.000000
22.380011,0,0,0,0,0.824525,5.028882,0.010449,1.581522,0.006612,1.513381,0.000000,0.000000,0.000000,0.000000,0.000000,0.000000,0.000000,0.000000
22.380099,0,0,0,0,0.837528,5.027348,0.010449,1.583061,0.006612,1.511844,0.000000,0.000000,0.000000,0.000000,0.000000,0.000000,0.000000,0.000000
22.380186,0,0,0,0,0.836244,5.028882,0.010449,1.579983,0.006612,1.514149,0.000000,0.000000,0.000000,0.000000,0.000000,0.000000,0.000000,0.000000
22.380274,0,0,0,0,0.846197,5.028115,0.010449,1.582291,0.006612,1.512613,0.000000,0.000000,0.000000,0.000000,0.000000,0.000000,0.000000,0.000000
22.380362,0,0,0,0,0.835281,5.025814,0.010449,1.580752,0.006612,1.511076,0.000000,0.000000,0.000000,0.000000,0.000000,0.000000,0.000000,0.000000
22.380450,0,0,0,0,0.838170,5.028115,0.010449,1.582291,0.006612,1.512613,0.000000,0.000000,0.000000,0.000000,0.000000,0.000000,0.000000,0.000000
22.380537,0,0,0,0,0.837688,5.026581,0.010449,1.579983,0.006612,1.513381,0.000000,0.000000,0.000000,0.000000,0.000000,0.000000,0.000000,0.000000
22.380625,0,0,0,0,0.849728,5.028882,0.010449,1.581522,0.006612,1.513381,0.000000,0.000000,0.000000,0.000000,0.000000,0.000000,0.000000,0.000000
22.380713,0,0,0,0,0.839775,5.027348,0.010449,1.579983,0.006612,1.511844,0.000000,0.000000,0.000000,0.000000,0.000000,0.000000,0.000000,0.000000
22.380801,0,0,0,0,0.854544,5.020444,0.010449,1.583830,0.006612,1.511076,0.000000,0.000000,0.000000,0.000000,0.000000,0.000000,0.000000,0.000000
22.380888,0,0,0,0,0.838170,5.024280,0.010449,1.581522,0.006612,1.513381,0.000000,0.000000,0.000000,0.000000,0.000000,0.000000,0.000000,0.000000
22.380976,0,0,0,0,0.840739,5.025047,0.010449,1.577674,0.006612,1.513381,0.000000,0.000000,0.000000,0.000000,0.000000,0.000000,0.000000,0.000000
22.381064,0,0,0,0,0.845073,5.023513,0.010449,1.578444,0.006612,1.513381,0.000000,0.000000,0.000000,0.000000,0.000000,0.000000,0.000000,0.000000
22.381152,0,0,0,0,0.845715,5.030416,0.010449,1.579983,0.006612,1.511844,0.000000,0.000000,0.000000,0.000000,0.000000,0.000000,0.000000,0.000000
22.381239,0,0,0,0,0.845715,5.030416,0.010449,1.581522,0.006612,1.512613,0.000000,0.000000,0.000000,0.000000,0.000000,0.000000,0.000000,0.000000
22.381327,0,0,0,0,0.832552,5.023513,0.010449,1.581522,0.006612,1.513381,0.000000,0.000000,0.000000,0.000000,0.000000,0.000000,0.000000,0.000000
22.381415,0,0,0,0,0.843146,5.023513,0.010449,1.580752,0.006612,1.511844,0.000000,0.000000,0.000000,0.000000,0.000000,0.000000,0.000000,0.000000
22.381503,0,0,0,0,0.852778,5.027348,0.010449,1.581522,0.006612,1.513381,0.000000,0.000000,0.000000,0.000000,0.000000,0.000000,0.000000,0.000000
22.381590,0,0,0,0,0.846357,5.021211,0.010449,1.579983,0.006612,1.511844,0.000000,0.000000,0.000000,0.000000,0.000000,0.000000,0.000000,0.000000
22.381678,0,0,0,0,0.843628,5.028882,0.010449,1.583061,0.006612,1.513381,0.000000,0.000000,0.000000,0.000000,0.000000,0.000000,0.000000,0.000000
22.381766,0,0,0,0,0.844431,5.028115,0.010449,1.579983,0.006612,1.513381,0.000000,0.000000,0.000000,0.000000,0.000000,0.000000,0.000000,0.000000
22.381854,0,0,0,0,0.838170,5.029649,0.010449,1.583061,0.006612,1.510308,0.000000,0.000000,0.000000,0.000000,0.000000,0.000000,0.000000,0.000000
22.381941,0,0,0,0,0.850370,5.025047,0.010449,1.583061,0.006612,1.511844,0.000000,0.000000,0.000000,0.000000,0.000000,0.000000,0.000000,0.000000
22.382029,0,0,0,0,0.846518,5.022745,0.010449,1.579983,0.006612,1.511844,0.000000,0.000000,0.000000,0.000000,0.000000,0.000000,0.000000,0.000000
22.382117,0,0,0,0,0.838812,5.029649,0.010449,1.579983,0.006612,1.511844,0.000000,0.000000,0.000000,0.000000,0.000000,0.000000,0.000000,0.000000
22.382205,0,0,0,0,0.866584,5.031951,0.010449,1.583061,0.006612,1.513381,0.000000,0.000000,0.000000,0.000000,0.000000,0.000000,0.000000,0.000000
22.382293,0,0,0,0,0.839615,5.028882,0.010449,1.580752,0.006612,1.512613,0.000000,0.000000,0.000000,0.000000,0.000000,0.000000,0.000000,0.000000
22.382380,0,0,0,0,0.847962,5.022745,0.010449,1.579213,0.006612,1.510308,0.000000,0.000000,0.000000,0.000000,0.000000,0.000000,0.000000,0.000000
22.382468,0,0,0,0,0.859520,5.030416,0.010449,1.582291,0.006612,1.513381,0.000000,0.000000,0.000000,0.000000,0.000000,0.000000,0.000000,0.000000
22.382556,0,0,0,0,0.855026,5.026581,0.010449,1.580752,0.006612,1.511844,0.000000,0.000000,0.000000,0.000000,0.000000,0.000000,0.000000,0.000000
22.382651,0,0,0,0,0.838812,5.029649,0.010449,1.579983,0.006612,1.512613,0.000000,0.000000,0.000000,0.000000,0.000000,0.000000,0.000000,0.000000
22.382739,0,0,0,0,0.829180,5.029649,0.010449,1.581522,0.006612,1.512613,0.000000,0.000000,0.000000,0.000000,0.000000,0.000000,0.000000,0.000000
22.382827,0,0,0,0,0.822438,5.028882,0.010449,1.581522,0.006612,1.514918,0.000000,0.000000,0.000000,0.000000,0.000000,0.000000,0.000000,0.000000
22.382914,0,0,0,0,0.820833,5.028882,0.010449,1.581522,0.006612,1.513381,0.000000,0.000000,0.000000,0.000000,0.000000,0.000000,0.000000,0.000000
22.383003,0,0,0,0,0.827094,5.032718,0.010449,1.581522,0.006612,1.511844,0.000000,0.000000,0.000000,0.000000,0.000000,0.000000,0.000000,0.000000
22.383090,0,0,0,0,0.809917,5.030416,0.010449,1.581522,0.006612,1.511076,0.000000,0.000000,0.000000,0.000000,0.000000,0.000000,0.000000,0.000000
22.383178,0,0,0,0,0.807188,5.031951,0.010449,1.582291,0.006612,1.513381,0.000000,0.000000,0.000000,0.000000,0.000000,0.000000,0.000000,0.000000
22.383266,0,0,0,0,0.806546,5.032718,0.010449,1.581522,0.006612,1.511844,0.000000,0.000000,0.000000,0.000000,0.000000,0.000000,0.000000,0.000000
22.383354,0,0,0,0,0.800606,5.031951,0.010449,1.581522,0.006612,1.512613,0.000000,0.000000,0.000000,0.000000,0.000000,0.000000,0.000000,0.000000
22.383441,0,0,0,0,0.807188,5.032718,0.010449,1.579983,0.006612,1.514918,0.000000,0.000000,0.000000,0.000000,0.000000,0.000000,0.000000,0.000000
22.383529,0,0,0,0,0.805422,5.035019,0.010449,1.583061,0.006612,1.511076,0.000000,0.000000,0.000000,0.000000,0.000000,0.000000,0.000000,0.000000
22.383617,0,0,0,0,0.790653,5.028882,0.010449,1.583830,0.006612,1.511844,0.000000,0.000000,0.000000,0.000000,0.000000,0.000000,0.000000,0.000000
22.383705,0,0,0,0,0.806867,5.028115,0.010449,1.583061,0.006612,1.512613,0.000000,0.000000,0.000000,0.000000,0.000000,0.000000,0.000000,0.000000
22.383792,0,0,0,0,0.827415,5.030416,0.010449,1.580752,0.006612,1.512613,0.000000,0.000000,0.000000,0.000000,0.000000,0.000000,0.000000,0.000000
22.383880,0,0,0,0,0.826130,5.026581,0.010449,1.581522,0.006612,1.513381,0.000000,0.000000,0.000000,0.000000,0.000000,0.000000,0.000000,0.000000
22.383968,0,0,0,0,0.830786,5.029649,0.010449,1.581522,0.006612,1.513381,0.000000,0.000000,0.000000,0.000000,0.000000,0.000000,0.000000,0.000000
22.384056,0,0,0,0,0.842986,5.029649,0.010449,1.581522,0.006612,1.513381,0.000000,0.000000,0.000000,0.000000,0.000000,0.000000,0.000000,0.000000
22.384144,0,0,0,0,0.852618,5.027348,0.010449,1.580752,0.006612,1.511844,0.000000,0.000000,0.000000,0.000000,0.000000,0.000000,0.000000,0.000000
22.384231,0,0,0,0,0.848604,5.026581,0.010449,1.580752,0.006612,1.512613,0.000000,0.000000,0.000000,0.000000,0.000000,0.000000,0.000000,0.000000
22.384319,0,0,0,0,0.855668,5.028115,0.010449,1.581522,0.006612,1.511076,0.000000,0.000000,0.000000,0.000000,0.000000,0.000000,0.000000,0.000000
22.384407,0,0,0,0,0.865139,5.021978,0.010449,1.583830,0.006612,1.514149,0.000000,0.000000,0.000000,0.000000,0.000000,0.000000,0.000000,0.000000
22.384495,0,0,0,0,0.841702,5.030416,0.010449,1.583830,0.006612,1.512613,0.000000,0.000000,0.000000,0.000000,0.000000,0.000000,0.000000,0.000000
22.384582,0,0,0,0,0.861928,5.019677,0.010449,1.579213,0.006612,1.512613,0.000000,0.000000,0.000000,0.000000,0.000000,0.000000,0.000000,0.000000
22.384670,0,0,0,0,0.864657,5.031951,0.010449,1.583830,0.006612,1.513381,0.000000,0.000000,0.000000,0.000000,0.000000,0.000000,0.000000,0.000000
22.384758,0,0,0,0,0.842344,5.025814,0.010449,1.581522,0.006612,1.513381,0.000000,0.000000,0.000000,0.000000,0.000000,0.000000,0.000000,0.000000
22.384846,0,0,0,0,0.855347,5.028882,0.010449,1.580752,0.006612,1.511844,0.000000,0.000000,0.000000,0.000000,0.000000,0.000000,0.000000,0.000000
22.384933,0,0,0,0,0.875413,5.018143,0.010449,1.583830,0.006612,1.513381,0.000000,0.000000,0.000000,0.000000,0.000000,0.000000,0.000000,0.000000
22.385021,0,0,0,0,0.872202,5.023513,0.010449,1.582291,0.006612,1.510308,0.000000,0.000000,0.000000,0.000000,0.000000,0.000000,0.000000,0.000000
22.385109,0,0,0,0,0.877339,5.023513,0.010449,1.583830,0.006612,1.514149,0.000000,0.000000,0.000000,0.000000,0.000000,0.000000,0.000000,0.000000
22.385197,0,0,0,0,0.850531,5.026581,0.010449,1.582291,0.006612,1.514149,0.000000,0.000000,0.000000,0.000000,0.000000,0.000000,0.000000,0.000000
22.385284,0,0,0,0,0.865139,5.023513,0.010449,1.583061,0.006612,1.511076,0.000000,0.000000,0.000000,0.000000,0.000000,0.000000,0.000000,0.000000
22.385372,0,0,0,0,0.873326,5.026581,0.010449,1.581522,0.006612,1.511844,0.000000,0.000000,0.000000,0.000000,0.000000,0.000000,0.000000,0.000000
22.488404,0,0,0,0,0.884242,5.021211,0.010449,1.581522,0.006612,1.513381,0.000000,0.000000,0.000000,0.000000,0.000000,0.000000,0.000000,0.000000
22.488491,0,0,0,0,0.883439,5.026581,0.010449,1.581522,0.006612,1.513381,0.000000,0.000000,0.000000,0.000000,0.000000,0.000000,0.000000,0.000000
22.488579,0,0,0,0,0.876537,5.022745,0.010449,1.580752,0.006612,1.513381,0.000000,0.000000,0.000000,0.000000,0.000000,0.000000,0.000000,0.000000
22.488667,0,0,0,0,0.880871,5.029649,0.010449,1.582291,0.006612,1.514918,0.000000,0.000000,0.000000,0.000000,0.000000,0.000000,0.000000,0.000000
22.488755,0,0,0,0,0.878302,5.024280,0.010449,1.582291,0.006612,1.513381,0.000000,0.000000,0.000000,0.000000,0.000000,0.000000,0.000000,0.000000
22.488842,0,0,0,0,0.875092,5.030416,0.010449,1.581522,0.006612,1.514918,0.000000,0.000000,0.000000,0.000000,0.000000,0.000000,0.000000,0.000000
22.488930,0,0,0,0,0.875573,5.026581,0.010449,1.582291,0.006612,1.513381,0.000000,0.000000,0.000000,0.000000,0.000000,0.000000,0.000000,0.000000
22.489018,0,0,0,0,0.872202,5.029649,0.010449,1.581522,0.006612,1.514149,0.000000,0.000000,0.000000,0.000000,0.000000,0.000000,0.000000,0.000000
22.489106,0,0,0,0,0.868189,5.026581,0.010449,1.582291,0.006612,1.513381,0.000000,0.000000,0.000000,0.000000,0.000000,0.000000,0.000000,0.000000
22.489194,0,0,0,0,0.867868,5.029649,0.010449,1.583061,0.006612,1.511844,0.000000,0.000000,0.000000,0.000000,0.000000,0.000000,0.000000,0.000000
22.489281,0,0,0,0,0.868671,5.031951,0.010449,1.583061,0.006612,1.511844,0.000000,0.000000,0.000000,0.000000,0.000000,0.000000,0.000000,0.000000
22.489369,0,0,0,0,0.867386,5.027348,0.010449,1.583061,0.006612,1.514149,0.000000,0.000000,0.000000,0.000000,0.000000,0.000000,0.000000,0.000000
22.489457,0,0,0,0,0.873486,5.032718,0.010449,1.580752,0.006612,1.513381,0.000000,0.000000,0.000000,0.000000,0.000000,0.000000,0.000000,0.000000
22.489545,0,0,0,0,0.867226,5.034252,0.010449,1.582291,0.006612,1.514149,0.000000,0.000000,0.000000,0.000000,0.000000,0.000000,0.000000,0.000000
22.489632,0,0,0,0,0.873326,5.035019,0.010449,1.581522,0.006612,1.512613,0.000000,0.000000,0.000000,0.000000,0.000000,0.000000,0.000000,0.000000
22.489720,0,0,0,0,0.853099,5.035019,0.010449,1.582291,0.006612,1.514149,0.000000,0.000000,0.000000,0.000000,0.000000,0.000000,0.000000,0.000000
22.489808,0,0,0,0,0.838170,5.032718,0.010449,1.583061,0.006612,1.513381,0.000000,0.000000,0.000000,0.000000,0.000000,0.000000,0.000000,0.000000
22.489896,0,0,0,0,0.851012,5.033485,0.010449,1.583830,0.006612,1.514149,0.000000,0.000000,0.000000,0.000000,0.000000,0.000000,0.000000,0.000000
22.489983,0,0,0,0,0.851976,5.021978,0.010449,1.582291,0.006612,1.514918,0.000000,0.000000,0.000000,0.000000,0.000000,0.000000,0.000000,0.000000
22.490071,0,0,0,0,0.846999,5.031183,0.010449,1.581522,0.006612,1.514149,0.000000,0.000000,0.000000,0.000000,0.000000,0.000000,0.000000,0.000000
22.490159,0,0,0,0,0.860163,5.029649,0.010449,1.579213,0.006612,1.513381,0.000000,0.000000,0.000000,0.000000,0.000000,0.000000,0.000000,0.000000
22.490247,0,0,0,0,0.860323,5.024280,0.010449,1.581522,0.006612,1.514149,0.000000,0.000000,0.000000,0.000000,0.000000,0.000000,0.000000,0.000000
22.490334,0,0,0,0,0.852457,5.029649,0.010449,1.582291,0.006612,1.514918,0.000000,0.000000,0.000000,0.000000,0.000000,0.000000,0.000000,0.000000
22.490422,0,0,0,0,0.851494,5.021211,0.010449,1.583061,0.006612,1.514149,0.000000,0.000000,0.000000,0.000000,0.000000,0.000000,0.000000,0.000000
22.490510,0,0,0,0,0.855989,5.028115,0.010449,1.580752,0.006612,1.514149,0.000000,0.000000,0.000000,0.000000,0.000000,0.000000,0.000000,0.000000
22.490598,0,0,0,0,0.856470,5.028115,0.010449,1.583061,0.006612,1.511844,0.000000,0.000000,0.000000,0.000000,0.000000,0.000000,0.000000,0.000000
22.490685,0,0,0,0,0.839936,5.019677,0.010449,1.581522,0.006612,1.512613,0.000000,0.000000,0.000000,0.000000,0.000000,0.000000,0.000000,0.000000
22.490773,0,0,0,0,0.852778,5.032718,0.010449,1.584600,0.006612,1.514149,0.000000,0.000000,0.000000,0.000000,0.000000,0.000000,0.000000,0.000000
22.490861,0,0,0,0,0.859360,5.028115,0.010449,1.583830,0.006612,1.514918,0.000000,0.000000,0.000000,0.000000,0.000000,0.000000,0.000000,0.000000
22.490949,0,0,0,0,0.866744,5.019677,0.010449,1.583061,0.006612,1.514149,0.000000,0.000000,0.000000,0.000000,0.000000,0.000000,0.000000,0.000000
22.491036,0,0,0,0,0.852618,5.028882,0.010449,1.583830,0.006612,1.513381,0.000000,0.000000,0.000000,0.000000,0.000000,0.000000,0.000000,0.000000
22.491124,0,0,0,0,0.862731,5.023513,0.010449,1.584600,0.006612,1.514149,0.000000,0.000000,0.000000,0.000000,0.000000,0.000000,0.000000,0.000000
25.692956,0,0,0,0,0.880229,5.027348,0.010449,1.584600,0.006612,1.517223,0.000000,0.000000,0.000000,0.000000,0.000000,0.000000,0.000000,0.000000
25.693044,0,0,0,0,0.879426,5.030416,0.010449,1.587677,0.006612,1.516454,0.000000,0.000000,0.000000,0.000000,0.000000,0.000000,0.000000,0.000000
25.693132,0,0,0,0,0.875573,5.031951,0.010449,1.586138,0.006612,1.516454,0.000000,0.000000,0.000000,0.000000,0.000000,0.000000,0.000000,0.000000
25.693220,0,0,0,0,0.875252,5.037320,0.010449,1.583830,0.006612,1.514149,0.000000,0.000000,0.000000,0.000000,0.000000,0.000000,0.000000,0.000000
25.693308,0,0,0,0,0.871881,5.038854,0.010449,1.582291,0.006612,1.515686,0.000000,0.000000,0.000000,0.000000,0.000000,0.000000,0.000000,0.000000
25.693395,0,0,0,0,0.867065,5.040389,0.010449,1.584600,0.006612,1.514149,0.000000,0.000000,0.000000,0.000000,0.000000,0.000000,0.000000,0.000000
25.693483,0,0,0,0,0.871400,5.048059,0.010449,1.586138,0.006612,1.513381,0.000000,0.000000,0.000000,0.000000,0.000000,0.000000,0.000000,0.000000
25.693571,0,0,0,0,0.837688,5.038087,0.010449,1.582291,0.006612,1.516454,0.000000,0.000000,0.000000,0.000000,0.000000,0.000000,0.000000,0.000000
25.693659,0,0,0,0,0.835602,5.037320,0.010449,1.584600,0.006612,1.515686,0.000000,0.000000,0.000000,0.000000,0.000000,0.000000,0.000000,0.000000
25.693746,0,0,0,0,0.834157,5.037320,0.010449,1.584600,0.006612,1.514918,0.000000,0.000000,0.000000,0.000000,0.000000,0.000000,0.000000,0.000000
25.693834,0,0,0,0,0.833033,5.035019,0.010449,1.583830,0.006612,1.516454,0.000000,0.000000,0.000000,0.000000,0.000000,0.000000,0.000000,0.000000
25.693922,0,0,0,0,0.833194,5.034252,0.010449,1.583061,0.006612,1.515686,0.000000,0.000000,0.000000,0.000000,0.000000,0.000000,0.000000,0.000000
25.694010,0,0,0,0,0.833033,5.034252,0.010449,1.585369,0.006612,1.514149,0.000000,0.000000,0.000000,0.000000,0.000000,0.000000,0.000000,0.000000
25.694097,0,0,0,0,0.829341,5.031183,0.010449,1.586138,0.006612,1.516454,0.000000,0.000000,0.000000,0.000000,0.000000,0.000000,0.000000,0.000000
25.694185,0,0,0,0,0.832230,5.031951,0.010449,1.582291,0.006612,1.512613,0.000000,0.000000,0.000000,0.000000,0.000000,0.000000,0.000000,0.000000
25.694273,0,0,0,0,0.832552,5.035019,0.010449,1.586138,0.006612,1.517991,0.000000,0.000000,0.000000,0.000000,0.000000,0.000000,0.000000,0.000000
25.694361,0,0,0,0,0.838973,5.032718,0.010449,1.584600,0.006612,1.514149,0.000000,0.000000,0.000000,0.000000,0.000000,0.000000,0.000000,0.000000
25.694448,0,0,0,0,0.841060,5.034252,0.010449,1.584600,0.006612,1.516454,0.000000,0.000000,0.000000,0.000000,0.000000,0.000000,0.000000,0.000000
25.694536,0,0,0,0,0.836083,5.032718,0.010449,1.585369,0.006612,1.516454,0.000000,0.000000,0.000000,0.000000,0.000000,0.000000,0.000000,0.000000
25.694624,0,0,0,0,0.834157,5.030416,0.010449,1.588447,0.006612,1.515686,0.000000,0.000000,0.000000,0.000000,0.000000,0.000000,0.000000,0.000000
25.694712,0,0,0,0,0.838491,5.031183,0.010449,1.584600,0.006612,1.515686,0.000000,0.000000,0.000000,0.000000,0.000000,0.000000,0.000000,0.000000
25.694799,0,0,0,0,0.841060,5.028882,0.010449,1.583830,0.006612,1.515686,0.000000,0.000000,0.000000,0.000000,0.000000,0.000000,0.000000,0.000000
25.694887,0,0,0,0,0.830465,5.035786,0.010449,1.586138,0.006612,1.514918,0.000000,0.000000,0.000000,0.000000,0.000000,0.000000,0.000000,0.000000
25.694975,0,0,0,0,0.847641,5.030416,0.010449,1.585369,0.006612,1.516454,0.000000,0.000000,0.000000,0.000000,0.000000,0.000000,0.000000,0.000000
25.695063,0,0,0,0,0.830144,5.031951,0.010449,1.586138,0.006612,1.515686,0.000000,0.000000,0.000000,0.000000,0.000000,0.000000,0.000000,0.000000
25.695150,0,0,0,0,0.832873,5.028882,0.010449,1.584600,0.006612,1.515686,0.000000,0.000000,0.000000,0.000000,0.000000,0.000000,0.000000,0.000000
25.695238,0,0,0,0,0.842665,5.032718,0.010449,1.583830,0.006612,1.515686,0.000000,0.000000,0.000000,0.000000,0.000000,0.000000,0.000000,0.000000
25.695326,0,0,0,0,0.838170,5.031951,0.010449,1.585369,0.006612,1.514149,0.000000,0.000000,0.000000,0.000000,0.000000,0.000000,0.000000,0.000000
25.695414,0,0,0,0,0.829983,5.034252,0.010449,1.584600,0.006612,1.514918,0.000000,0.000000,0.000000,0.000000,0.000000,0.000000,0.000000,0.000000
25.695501,0,0,0,0,0.830786,5.029649,0.010449,1.586138,0.006612,1.517223,0.000000,0.000000,0.000000,0.000000,0.000000,0.000000,0.000000,0.000000
25.695589,0,0,0,0,0.837367,5.032718,0.010449,1.585369,0.006612,1.514918,0.000000,0.000000,0.000000,0.000000,0.000000,0.000000,0.000000,0.000000
25.695677,0,0,0,0,0.839454,5.035019,0.010449,1.585369,0.006612,1.516454,0.000000,0.000000,0.000000,0.000000,0.000000,0.000000,0.000000,0.000000
22.488491,0,0,0,0,0.883439,5.026581,0.010449,1.581522,0.006612,1.513381,0.000000,0.000000,0.000000,0.000000,0.000000,0.000000,0.000000,0.000000
22.488579,0,0,0,0,0.876537,5.022745,0.010449,1.580752,0.006612,1.513381,0.000000,0.000000,0.000000,0.000000,0.000000,0.000000,0.000000,0.000000
22.488667,0,0,0,0,0.880871,5.029649,0.010449,1.582291,0.006612,1.514918,0.000000,0.000000,0.000000,0.000000,0.000000,0.000000,0.000000,0.000000
22.488755,0,0,0,0,0.878302,5.024280,0.010449,1.582291,0.006612,1.513381,0.000000,0.000000,0.000000,0.000000,0.000000,0.000000,0.000000,0.000000
22.488842,0,0,0,0,0.875092,5.030416,0.010449,1.581522,0.006612,1.514918,0.000000,0.000000,0.000000,0.000000,0.000000,0.000000,0.000000,0.000000
22.488930,0,0,0,0,0.875573,5.026581,0.010449,1.582291,0.006612,1.513381,0.000000,0.000000,0.000000,0.000000,0.000000,0.000000,0.000000,0.000000
22.489018,0,0,0,0,0.872202,5.029649,0.010449,1.581522,0.006612,1.514149,0.000000,0.000000,0.000000,0.000000,0.000000,0.000000,0.000000,0.000000
22.489106,0,0,0,0,0.868189,5.026581,0.010449,1.582291,0.006612,1.513381,0.000000,0.000000,0.000000,0.000000,0.000000,0.000000,0.000000,0.000000
22.489194,0,0,0,0,0.867868,5.029649,0.010449,1.583061,0.006612,1.511844,0.000000,0.000000,0.000000,0.000000,0.000000,0.000000,0.000000,0.000000
22.489281,0,0,0,0,0.868671,5.031951,0.010449,1.583061,0.006612,1.511844,0.000000,0.000000,0.000000,0.000000,0.000000,0.000000,0.000000,0.000000
22.489369,0,0,0,0,0.867386,5.027348,0.010449,1.583061,0.006612,1.514149,0.000000,0.000000,0.000000,0.000000,0.000000,0.000000,0.000000,0.000000
22.489457,0,0,0,0,0.873486,5.032718,0.010449,1.580752,0.006612,1.513381,0.000000,0.000000,0.000000,0.000000,0.000000,0.000000,0.000000,0.000000
22.489545,0,0,0,0,0.867226,5.034252,0.010449,1.582291,0.006612,1.514149,0.000000,0.000000,0.000000,0.000000,0.000000,0.000000,0.000000,0.000000
22.489632,0,0,0,0,0.873326,5.035019,0.010449,1.581522,0.006612,1.512613,0.000000,0.000000,0.000000,0.000000,0.000000,0.000000,0.000000,0.000000
22.489720,0,0,0,0,0.853099,5.035019,0.010449,1.582291,0.006612,1.514149,0.000000,0.000000,0.000000,0.000000,0.000000,0.000000,0.000000,0.000000
22.489808,0,0,0,0,0.838170,5.032718,0.010449,1.583061,0.006612,1.513381,0.000000,0.000000,0.000000,0.000000,0.000000,0.000000,0.000000,0.000000
22.489896,0,0,0,0,0.851012,5.033485,0.010449,1.583830,0.006612,1.514149,0.000000,0.000000,0.000000,0.000000,0.000000,0.000000,0.000000,0.000000
22.489983,0,0,0,0,0.851976,5.021978,0.010449,1.582291,0.006612,1.514918,0.000000,0.000000,0.000000,0.000000,0.000000,0.000000,0.000000,0.000000
22.490071,0,0,0,0,0.846999,5.031183,0.010449,1.581522,0.006612,1.514149,0.000000,0.000000,0.000000,0.000000,0.000000,0.000000,0.000000,0.000000
22.490159,0,0,0,0,0.860163,5.029649,0.010449,1.579213,0.006612,1.513381,0.000000,0.000000,0.000000,0.000000,0.000000,0.000000,0.000000,0.000000
22.490247,0,0,0,0,0.860323,5.024280,0.010449,1.581522,0.006612,1.514149,0.000000,0.000000,0.000000,0.000000,0.000000,0.000000,0.000000,0.000000
22.490334,0,0,0,0,0.852457,5.029649,0.010449,1.582291,0.006612,1.514918,0.000000,0.000000,0.000000,0.000000,0.000000,0.000000,0.000000,0.000000
22.490422,0,0,0,0,0.851494,5.021211,0.010449,1.583061,0.006612,1.514149,0.000000,0.000000,0.000000,0.000000,0.000000,0.000000,0.000000,0.000000
22.490510,0,0,0,0,0.855989,5.028115,0.010449,1.580752,0.006612,1.514149,0.000000,0.000000,0.000000,0.000000,0.000000,0.000000,0.000000,0.000000
22.490598,0,0,0,0,0.856470,5.028115,0.010449,1.583061,0.006612,1.511844,0.000000,0.000000,0.000000,0.000000,0.000000,0.000000,0.000000,0.000000
22.490685,0,0,0,0,0.839936,5.019677,0.010449,1.581522,0.006612,1.512613,0.000000,0.000000,0.000000,0.000000,0.000000,0.000000,0.000000,0.000000
22.490773,0,0,0,0,0.852778,5.032718,0.010449,1.584600,0.006612,1.514149,0.000000,0.000000,0.000000,0.000000,0.000000,0.000000,0.000000,0.000000
22.490861,0,0,0,0,0.859360,5.028115,0.010449,1.583830,0.006612,1.514918,0.000000,0.000000,0.000000,0.000000,0.000000,0.000000,0.000000,0.000000
22.490949,0,0,0,0,0.866744,5.019677,0.010449,1.583061,0.006612,1.514149,0.000000,0.000000,0.000000,0.000000,0.000000,0.000000,0.000000,0.000000
22.491036,0,0,0,0,0.852618,5.028882,0.010449,1.583830,0.006612,1.513381,0.000000,0.000000,0.000000,0.000000,0.000000,0.000000,0.000000,0.000000
22.491124,0,0,0,0,0.862731,5.023513,0.010449,1.584600,0.006612,1.514149,0.000000,0.000000,0.000000,0.000000,0.000000,0.000000,0.000000,0.000000
0.000000,129,367791297632,547904092992,281479271743487,0.031511,0.259881,0.051978,0.256520,0.016865,0.459184,0.000000,0.000000,0.000000,0.000000,0.000000,0.000000,0.000000,0.000000
41.123158,0,0,0,0,1.054082,5.003568,0.010449,1.583061,0.006612,1.512613,0.000000,0.000000,0.000000,0.000000,0.000000,0.000000,0.000000,0.000000
41.123245,0,0,0,0,1.061145,5.000500,0.010449,1.582291,0.006612,1.514149,0.000000,0.000000,0.000000,0.000000,0.000000,0.000000,0.000000,0.000000
41.123333,0,0,0,0,1.071098,5.002034,0.010449,1.582291,0.006612,1.513381,0.000000,0.000000,0.000000,0.000000,0.000000,0.000000,0.000000,0.000000
41.123421,0,0,0,0,1.064516,5.002801,0.010449,1.583830,0.006612,1.514149,0.000000,0.000000,0.000000,0.000000,0.000000,0.000000,0.000000,0.000000
41.123509,0,0,0,0,1.060021,4.999733,0.010449,1.584600,0.006612,1.514149,0.000000,0.000000,0.000000,0.000000,0.000000,0.000000,0.000000,0.000000
41.123596,0,0,0,0,1.063232,5.004335,0.010449,1.583830,0.006612,1.513381,0.000000,0.000000,0.000000,0.000000,0.000000,0.000000,0.000000,0.000000
41.123684,0,0,0,0,1.064195,5.004335,0.010449,1.581522,0.006612,1.512613,0.000000,0.000000,0.000000,0.000000,0.000000,0.000000,0.000000,0.000000
41.123772,0,0,0,0,1.060824,5.002801,0.010449,1.580752,0.006612,1.513381,0.000000,0.000000,0.000000,0.000000,0.000000,0.000000,0.000000,0.000000
41.123860,0,0,0,0,1.064677,5.004335,0.010449,1.583830,0.006612,1.514149,0.000000,0.000000,0.000000,0.000000,0.000000,0.000000,0.000000,0.000000
41.123947,0,0,0,0,1.073827,5.000500,0.010449,1.582291,0.006612,1.513381,0.000000,0.000000,0.000000,0.000000,0.000000,0.000000,0.000000,0.000000
41.124035,0,0,0,0,1.076074,5.000500,0.010449,1.583061,0.006612,1.513381,0.000000,0.000000,0.000000,0.000000,0.000000,0.000000,0.000000,0.000000
41.124123,0,0,0,0,1.072061,5.003568,0.010449,1.583061,0.006612,1.512613,0.000000,0.000000,0.000000,0.000000,0.000000,0.000000,0.000000,0.000000
41.124211,0,0,0,0,1.072222,4.998966,0.010449,1.583830,0.006612,1.513381,0.000000,0.000000,0.000000,0.000000,0.000000,0.000000,0.000000,0.000000
41.124298,0,0,0,0,1.075914,5.000500,0.010449,1.581522,0.006612,1.513381,0.000000,0.000000,0.000000,0.000000,0.000000,0.000000,0.000000,0.000000
41.124386,0,0,0,0,1.074790,5.002801,0.010449,1.583061,0.006612,1.514149,0.000000,0.000000,0.000000,0.000000,0.000000,0.000000,0.000000,0.000000
41.124474,0,0,0,0,1.061787,5.005870,0.010449,1.582291,0.006612,1.511844,0.000000,0.000000,0.000000,0.000000,0.000000,0.000000,0.000000,0.000000
41.124562,0,0,0,0,1.060342,5.002034,0.010449,1.582291,0.006612,1.514149,0.000000,0.000000,0.000000,0.000000,0.000000,0.000000,0.000000,0.000000
41.124650,0,0,0,0,1.064677,5.002034,0.010449,1.583061,0.006612,1.514918,0.000000,0.000000,0.000000,0.000000,0.000000,0.000000,0.000000,0.000000
41.124737,0,0,0,0,1.060021,5.005102,0.010449,1.583830,0.006612,1.514149,0.000000,0.000000,0.000000,0.000000,0.000000,0.000000,0.000000,0.000000
41.124825,0,0,0,0,1.061145,5.002034,0.010449,1.583830,0.006612,1.515686,0.000000,0.000000,0.000000,0.000000,0.000000,0.000000,0.000000,0.000000
41.124913,0,0,0,0,1.062108,5.002801,0.010449,1.583830,0.006612,1.514149,0.000000,0.000000,0.000000,0.000000,0.000000,0.000000,0.000000,0.000000
41.125001,0,0,0,0,1.062590,5.004335,0.010449,1.585369,0.006612,1.516454,0.000000,0.000000,0.000000,0.000000,0.000000,0.000000,0.000000,0.000000
41.125088,0,0,0,0,1.057292,5.004335,0.010449,1.582291,0.006612,1.512613,0.000000,0.000000,0.000000,0.000000,0.000000,0.000000,0.000000,0.000000
41.125176,0,0,0,0,1.062269,5.000500,0.010449,1.584600,0.006612,1.514149,0.000000,0.000000,0.000000,0.000000,0.000000,0.000000,0.000000,0.000000
41.125264,0,0,0,0,1.058256,5.005102,0.010449,1.583061,0.006612,1.513381,0.000000,0.000000,0.000000,0.000000,0.000000,0.000000,0.000000,0.000000
41.125352,0,0,0,0,1.053600,5.003568,0.010449,1.581522,0.006612,1.513381,0.000000,0.000000,0.000000,0.000000,0.000000,0.000000,0.000000,0.000000
41.125439,0,0,0,0,1.069011,4.997432,0.010449,1.583830,0.006612,1.514149,0.000000,0.000000,0.000000,0.000000,0.000000,0.000000,0.000000,0.000000
41.125527,0,0,0,0,1.082656,5.001267,0.010449,1.580752,0.006612,1.514918,0.000000,0.000000,0.000000,0.000000,0.000000,0.000000,0.000000,0.000000
41.125615,0,0,0,0,1.081853,5.002034,0.010449,1.580752,0.006612,1.513381,0.000000,0.000000,0.000000,0.000000,0.000000,0.000000,0.000000,0.000000
41.125703,0,0,0,0,1.065640,5.002801,0.010449,1.583061,0.006612,1.512613,0.000000,0.000000,0.000000,0.000000,0.000000,0.000000,0.000000,0.000000
41.125790,0,0,0,0,1.065158,5.002801,0.010449,1.585369,0.006612,1.514918,0.000000,0.000000,0.000000,0.000000,0.000000,0.000000,0.000000,0.000000
41.125878,0,0,0,0,1.069974,5.005870,0.010449,1.582291,0.006612,1.511844,0.000000,0.000000,0.000000,0.000000,0.000000,0.000000,0.000000,0.000000
41.125973,0,0,0,0,1.061948,5.003568,0.010449,1.583830,0.006612,1.513381,0.000000,0.000000,0.000000,0.000000,0.000000,0.000000,0.000000,0.000000
41.126061,0,0,0,0,1.058256,5.005870,0.010449,1.579983,0.006612,1.513381,0.000000,0.000000,0.000000,0.000000,0.000000,0.000000,0.000000,0.000000
41.126149,0,0,0,0,1.058898,5.002034,0.010449,1.583061,0.006612,1.512613,0.000000,0.000000,0.000000,0.000000,0.000000,0.000000,0.000000,0.000000
41.126236,0,0,0,0,1.059861,5.002034,0.010449,1.584600,0.006612,1.514918,0.000000,0.000000,0.000000,0.000000,0.000000,0.000000,0.000000,0.000000
41.126324,0,0,0,0,1.054724,5.006637,0.010449,1.585369,0.006612,1.512613,0.000000,0.000000,0.000000,0.000000,0.000000,0.000000,0.000000,0.000000
41.126412,0,0,0,0,1.054403,5.002801,0.010449,1.583061,0.006612,1.513381,0.000000,0.000000,0.000000,0.000000,0.000000,0.000000,0.000000,0.000000
41.126500,0,0,0,0,1.056811,5.001267,0.010449,1.583830,0.006612,1.514149,0.000000,0.000000,0.000000,0.000000,0.000000,0.000000,0.000000,0.000000
41.126588,0,0,0,0,1.047340,5.005102,0.010449,1.584600,0.006612,1.513381,0.000000,0.000000,0.000000,0.000000,0.000000,0.000000,0.000000,0.000000
41.126675,0,0,0,0,1.050229,5.005102,0.010449,1.584600,0.006612,1.512613,0.000000,0.000000,0.000000,0.000000,0.000000,0.000000,0.000000,0.000000
41.126763,0,0,0,0,1.053921,5.002801,0.010449,1.583061,0.006612,1.514149,0.000000,0.000000,0.000000,0.000000,0.000000,0.000000,0.000000,0.000000
41.126851,0,0,0,0,1.057453,5.007404,0.010449,1.582291,0.006612,1.514918,0.000000,0.000000,0.000000,0.000000,0.000000,0.000000,0.000000,0.000000
41.126939,0,0,0,0,1.061466,5.004335,0.010449,1.581522,0.006612,1.512613,0.000000,0.000000,0.000000,0.000000,0.000000,0.000000,0.000000,0.000000
41.127026,0,0,0,0,1.096461,4.995897,0.010449,1.581522,0.006612,1.514918,0.000000,0.000000,0.000000,0.000000,0.000000,0.000000,0.000000,0.000000
41.127114,0,0,0,0,1.122788,4.995897,0.010449,1.582291,0.006612,1.514149,0.000000,0.000000,0.000000,0.000000,0.000000,0.000000,0.000000,0.000000
41.127202,0,0,0,0,1.159710,4.996664,0.010449,1.582291,0.006612,1.514918,0.000000,0.000000,0.000000,0.000000,0.000000,0.000000,0.000000,0.000000
41.127290,0,0,0,0,1.194384,4.993596,0.010449,1.581522,0.006612,1.513381,0.000000,0.000000,0.000000,0.000000,0.000000,0.000000,0.000000,0.000000
41.127377,0,0,0,0,1.219748,4.992062,0.010449,1.580752,0.006612,1.513381,0.000000,0.000000,0.000000,0.000000,0.000000,0.000000,0.000000,0.000000
41.127465,0,0,0,0,1.245111,4.991295,0.010449,1.581522,0.006612,1.514149,0.000000,0.000000,0.000000,0.000000,0.000000,0.000000,0.000000,0.000000
41.127553,0,0,0,0,1.259238,4.990528,0.010449,1.582291,0.006612,1.513381,0.000000,0.000000,0.000000,0.000000,0.000000,0.000000,0.000000,0.000000
41.127641,0,0,0,0,1.269030,4.990528,0.010449,1.582291,0.006612,1.513381,0.000000,0.000000,0.000000,0.000000,0.000000,0.000000,0.000000,0.000000
41.127728,0,0,0,0,1.282354,4.988226,0.010449,1.583830,0.006612,1.516454,0.000000,0.000000,0.000000,0.000000,0.000000,0.000000,0.000000,0.000000
41.127816,0,0,0,0,1.271117,4.990528,0.010449,1.582291,0.006612,1.516454,0.000000,0.000000,0.000000,0.000000,0.000000,0.000000,0.000000,0.000000
41.127904,0,0,0,0,1.259559,4.992062,0.010449,1.585369,0.006612,1.512613,0.000000,0.000000,0.000000,0.000000,0.000000,0.000000,0.000000,0.000000
41.127992,0,0,0,0,1.261164,4.991295,0.010449,1.583830,0.006612,1.515686,0.000000,0.000000,0.000000,0.000000,0.000000,0.000000,0.000000,0.000000
41.128079,0,0,0,0,1.247680,4.991295,0.010449,1.582291,0.006612,1.513381,0.000000,0.000000,0.000000,0.000000,0.000000,0.000000,0.000000,0.000000
41.128167,0,0,0,0,1.245914,4.990528,0.010449,1.583061,0.006612,1.512613,0.000000,0.000000,0.000000,0.000000,0.000000,0.000000,0.000000,0.000000
41.128255,0,0,0,0,1.246877,4.990528,0.010449,1.583061,0.006612,1.514149,0.000000,0.000000,0.000000,0.000000,0.000000,0.000000,0.000000,0.000000
41.128343,0,0,0,0,1.271438,4.988226,0.010449,1.579983,0.006612,1.514149,0.000000,0.000000,0.000000,0.000000,0.000000,0.000000,0.000000,0.000000
41.128430,0,0,0,0,1.271278,4.988994,0.010449,1.579983,0.006612,1.512613,0.000000,0.000000,0.000000,0.000000,0.000000,0.000000,0.000000,0.000000
41.128518,0,0,0,0,1.269191,4.988226,0.010449,1.583061,0.006612,1.512613,0.000000,0.000000,0.000000,0.000000,0.000000,0.000000,0.000000,0.000000
41.128606,0,0,0,0,1.269993,4.993596,0.010449,1.583061,0.006612,1.513381,0.000000,0.000000,0.000000,0.000000,0.000000,0.000000,0.000000,0.000000
41.128694,0,0,0,0,1.279786,4.990528,0.010449,1.583061,0.006612,1.514149,0.000000,0.000000,0.000000,0.000000,0.000000,0.000000,0.000000,0.000000
41.523767,0,0,0,0,1.315905,4.990528,0.010449,1.583061,0.006612,1.515686,0.000000,0.000000,0.000000,0.000000,0.000000,0.000000,0.000000,0.000000
41.523855,0,0,0,0,1.290381,4.987459,0.010449,1.583061,0.006612,1.516454,0.000000,0.000000,0.000000,0.000000,0.000000,0.000000,0.000000,0.000000
41.523943,0,0,0,0,1.279144,4.989761,0.010449,1.584600,0.006612,1.514149,0.000000,0.000000,0.000000,0.000000,0.000000,0.000000,0.000000,0.000000
41.524031,0,0,0,0,1.280107,4.988994,0.010449,1.582291,0.006612,1.514149,0.000000,0.000000,0.000000,0.000000,0.000000,0.000000,0.000000,0.000000
41.524118,0,0,0,0,1.284281,4.993596,0.010449,1.583830,0.006612,1.512613,0.000000,0.000000,0.000000,0.000000,0.000000,0.000000,0.000000,0.000000
41.524206,0,0,0,0,1.269191,4.991295,0.010449,1.584600,0.006612,1.514918,0.000000,0.000000,0.000000,0.000000,0.000000,0.000000,0.000000,0.000000
41.524294,0,0,0,0,1.262128,4.990528,0.010449,1.582291,0.006612,1.514918,0.000000,0.000000,0.000000,0.000000,0.000000,0.000000,0.000000,0.000000
41.524382,0,0,0,0,1.255385,4.992062,0.010449,1.584600,0.006612,1.514918,0.000000,0.000000,0.000000,0.000000,0.000000,0.000000,0.000000,0.000000
41.524469,0,0,0,0,1.254262,4.992062,0.010449,1.583830,0.006612,1.514918,0.000000,0.000000,0.000000,0.000000,0.000000,0.000000,0.000000,0.000000
41.524557,0,0,0,0,1.253298,4.992062,0.010449,1.579983,0.006612,1.513381,0.000000,0.000000,0.000000,0.000000,0.000000,0.000000,0.000000,0.000000
41.524645,0,0,0,0,1.251854,4.992062,0.010449,1.582291,0.006612,1.514149,0.000000,0.000000,0.000000,0.000000,0.000000,0.000000,0.000000,0.000000
41.524733,0,0,0,0,1.246396,4.990528,0.010449,1.583061,0.006612,1.514149,0.000000,0.000000,0.000000,0.000000,0.000000,0.000000,0.000000,0.000000
41.524820,0,0,0,0,1.249927,4.991295,0.010449,1.583830,0.006612,1.514918,0.000000,0.000000,0.000000,0.000000,0.000000,0.000000,0.000000,0.000000
41.524908,0,0,0,0,1.253780,4.990528,0.010449,1.586908,0.006612,1.513381,0.000000,0.000000,0.000000,0.000000,0.000000,0.000000,0.000000,0.000000
41.524996,0,0,0,0,1.264375,4.989761,0.010449,1.583061,0.006612,1.516454,0.000000,0.000000,0.000000,0.000000,0.000000,0.000000,0.000000,0.000000
41.525084,0,0,0,0,1.263091,4.991295,0.010449,1.583830,0.006612,1.514149,0.000000,0.000000,0.000000,0.000000,0.000000,0.000000,0.000000,0.000000
41.525171,0,0,0,0,1.261967,4.992062,0.010449,1.583061,0.006612,1.514149,0.000000,0.000000,0.000000,0.000000,0.000000,0.000000,0.000000,0.000000
41.525259,0,0,0,0,1.264535,4.992829,0.010449,1.583061,0.006612,1.515686,0.000000,0.000000,0.000000,0.000000,0.000000,0.000000,0.000000,0.000000
41.525347,0,0,0,0,1.267746,4.989761,0.010449,1.583830,0.006612,1.515686,0.000000,0.000000,0.000000,0.000000,0.000000,0.000000,0.000000,0.000000
41.525435,0,0,0,0,1.266141,4.990528,0.010449,1.581522,0.006612,1.514918,0.000000,0.000000,0.000000,0.000000,0.000000,0.000000,0.000000,0.000000
41.525522,0,0,0,0,1.248643,4.991295,0.010449,1.583830,0.006612,1.514918,0.000000,0.000000,0.000000,0.000000,0.000000,0.000000,0.000000,0.000000
41.525610,0,0,0,0,1.250088,4.992062,0.010449,1.585369,0.006612,1.511844,0.000000,0.000000,0.000000,0.000000,0.000000,0.000000,0.000000,0.000000
41.525698,0,0,0,0,1.253459,4.991295,0.010449,1.583061,0.006612,1.513381,0.000000,0.000000,0.000000,0.000000,0.000000,0.000000,0.000000,0.000000
41.525786,0,0,0,0,1.267264,4.988226,0.010449,1.583830,0.006612,1.514918,0.000000,0.000000,0.000000,0.000000,0.000000,0.000000,0.000000,0.000000
41.525873,0,0,0,0,1.293270,4.985158,0.010449,1.583830,0.006612,1.514918,0.000000,0.000000,0.000000,0.000000,0.000000,0.000000,0.000000,0.000000
41.525961,0,0,0,0,1.309805,4.987459,0.010449,1.584600,0.006612,1.514149,0.000000,0.000000,0.000000,0.000000,0.000000,0.000000,0.000000,0.000000
41.526049,0,0,0,0,1.304347,4.987459,0.010449,1.585369,0.006612,1.512613,0.000000,0.000000,0.000000,0.000000,0.000000,0.000000,0.000000,0.000000
41.526137,0,0,0,0,1.289257,4.986692,0.010449,1.585369,0.006612,1.511844,0.000000,0.000000,0.000000,0.000000,0.000000,0.000000,0.000000,0.000000
41.526224,0,0,0,0,1.287010,4.990528,0.010449,1.583830,0.006612,1.514918,0.000000,0.000000,0.000000,0.000000,0.000000,0.000000,0.000000,0.000000
41.526312,0,0,0,0,1.279304,4.992829,0.010449,1.583061,0.006612,1.512613,0.000000,0.000000,0.000000,0.000000,0.000000,0.000000,0.000000,0.000000
41.526400,0,0,0,0,1.278020,4.988226,0.010449,1.581522,0.006612,1.514918,0.000000,0.000000,0.000000,0.000000,0.000000,0.000000,0.000000,0.000000
41.526488,0,0,0,0,1.307236,4.986692,0.010449,1.583061,0.006612,1.515686,0.000000,0.000000,0.000000,0.000000,0.000000,0.000000,0.000000,0.000000
44.423953,0,0,0,0,1.086509,5.003568,0.010449,1.584600,0.006612,1.516454,0.000000,0.000000,0.000000,0.000000,0.000000,0.000000,0.000000,0.000000
44.424040,0,0,0,0,1.105612,5.002801,0.010449,1.585369,0.006612,1.516454,0.000000,0.000000,0.000000,0.000000,0.000000,0.000000,0.000000,0.000000
44.424128,0,0,0,0,1.101759,5.001267,0.010449,1.580752,0.006612,1.514149,0.000000,0.000000,0.000000,0.000000,0.000000,0.000000,0.000000,0.000000
44.424216,0,0,0,0,1.106093,5.003568,0.010449,1.583830,0.006612,1.515686,0.000000,0.000000,0.000000,0.000000,0.000000,0.000000,0.000000,0.000000
44.424304,0,0,0,0,1.087151,5.004335,0.010449,1.583061,0.006612,1.514149,0.000000,0.000000,0.000000,0.000000,0.000000,0.000000,0.000000,0.000000
44.424392,0,0,0,0,1.076235,5.002801,0.010449,1.583061,0.006612,1.515686,0.000000,0.000000,0.000000,0.000000,0.000000,0.000000,0.000000,0.000000
44.424479,0,0,0,0,1.068529,5.004335,0.010449,1.584600,0.006612,1.515686,0.000000,0.000000,0.000000,0.000000,0.000000,0.000000,0.000000,0.000000
44.424567,0,0,0,0,1.062429,5.005870,0.010449,1.585369,0.006612,1.515686,0.000000,0.000000,0.000000,0.000000,0.000000,0.000000,0.000000,0.000000
44.424655,0,0,0,0,1.092930,5.001267,0.010449,1.584600,0.006612,1.517223,0.000000,0.000000,0.000000,0.000000,0.000000,0.000000,0.000000,0.000000
44.424743,0,0,0,0,1.140125,4.996664,0.010449,1.584600,0.006612,1.516454,0.000000,0.000000,0.000000,0.000000,0.000000,0.000000,0.000000,0.000000
44.424830,0,0,0,0,1.169823,4.998199,0.010449,1.584600,0.006612,1.515686,0.000000,0.000000,0.000000,0.000000,0.000000,0.000000,0.000000,0.000000
44.424918,0,0,0,0,1.184752,4.994363,0.010449,1.584600,0.006612,1.514918,0.000000,0.000000,0.000000,0.000000,0.000000,0.000000,0.000000,0.000000
44.425006,0,0,0,0,1.195990,4.994363,0.010449,1.581522,0.006612,1.513381,0.000000,0.000000,0.000000,0.000000,0.000000,0.000000,0.000000,0.000000
44.425094,0,0,0,0,1.206263,4.993596,0.010449,1.585369,0.006612,1.514918,0.000000,0.000000,0.000000,0.000000,0.000000,0.000000,0.000000,0.000000
44.425181,0,0,0,0,1.212042,4.995130,0.010449,1.585369,0.006612,1.513381,0.000000,0.000000,0.000000,0.000000,0.000000,0.000000,0.000000,0.000000
44.425269,0,0,0,0,1.217661,4.995897,0.010449,1.583061,0.006612,1.514918,0.000000,0.000000,0.000000,0.000000,0.000000,0.000000,0.000000,0.000000
44.425357,0,0,0,0,1.211882,4.989761,0.010449,1.582291,0.006612,1.514918,0.000000,0.000000,0.000000,0.000000,0.000000,0.000000,0.000000,0.000000
44.425445,0,0,0,0,1.215735,4.995130,0.010449,1.583061,0.006612,1.512613,0.000000,0.000000,0.000000,0.000000,0.000000,0.000000,0.000000,0.000000
44.425532,0,0,0,0,1.217982,4.994363,0.010449,1.583830,0.006612,1.513381,0.000000,0.000000,0.000000,0.000000,0.000000,0.000000,0.000000,0.000000
44.425620,0,0,0,0,1.220550,4.993596,0.010449,1.583830,0.006612,1.515686,0.000000,0.000000,0.000000,0.000000,0.000000,0.000000,0.000000,0.000000
44.425708,0,0,0,0,1.217821,4.991295,0.010449,1.583830,0.006612,1.513381,0.000000,0.000000,0.000000,0.000000,0.000000,0.000000,0.000000,0.000000
44.425796,0,0,0,0,1.230503,4.992062,0.010449,1.583061,0.006612,1.514149,0.000000,0.000000,0.000000,0.000000,0.000000,0.000000,0.000000,0.000000
44.425883,0,0,0,0,1.240296,4.992829,0.010449,1.583830,0.006612,1.514918,0.000000,0.000000,0.000000,0.000000,0.000000,0.000000,0.000000,0.000000
44.425971,0,0,0,0,1.253459,4.992829,0.010449,1.586138,0.006612,1.514918,0.000000,0.000000,0.000000,0.000000,0.000000,0.000000,0.000000,0.000000
44.426059,0,0,0,0,1.256348,4.990528,0.010449,1.584600,0.006612,1.514918,0.000000,0.000000,0.000000,0.000000,0.000000,0.000000,0.000000,0.000000
44.426147,0,0,0,0,1.257472,4.991295,0.010449,1.582291,0.006612,1.515686,0.000000,0.000000,0.000000,0.000000,0.000000,0.000000,0.000000,0.000000
44.426234,0,0,0,0,1.266462,4.989761,0.010449,1.582291,0.006612,1.514918,0.000000,0.000000,0.000000,0.000000,0.000000,0.000000,0.000000,0.000000
44.426322,0,0,0,0,1.268549,4.992829,0.010449,1.583830,0.006612,1.513381,0.000000,0.000000,0.000000,0.000000,0.000000,0.000000,0.000000,0.000000
44.426410,0,0,0,0,1.269512,4.991295,0.010449,1.583830,0.006612,1.515686,0.000000,0.000000,0.000000,0.000000,0.000000,0.000000,0.000000,0.000000
44.426498,0,0,0,0,1.265338,4.989761,0.010449,1.582291,0.006612,1.515686,0.000000,0.000000,0.000000,0.000000,0.000000,0.000000,0.000000,0.000000
44.426585,0,0,0,0,1.271920,4.989761,0.010449,1.584600,0.006612,1.515686,0.000000,0.000000,0.000000,0.000000,0.000000,0.000000,0.000000,0.000000
44.426673,0,0,0,0,1.300333,4.988226,0.010449,1.584600,0.006612,1.514149,0.000000,0.000000,0.000000,0.000000,0.000000,0.000000,0.000000,0.000000
41.523855,0,0,0,0,1.290381,4.987459,0.010449,1.583061,0.006612,1.516454,0.000000,0.000000,0.000000,0.000000,0.000000,0.000000,0.000000,0.000000
41.523943,0,0,0,0,1.279144,4.989761,0.010449,1.584600,0.006612,1.514149,0.000000,0.000000,0.000000,0.000000,0.000000,0.000000,0.000000,0.000000
41.524031,0,0,0,0,1.280107,4.988994,0.010449,1.582291,0.006612,1.514149,0.000000,0.000000,0.000000,0.000000,0.000000,0.000000,0.000000,0.000000
41.524118,0,0,0,0,1.284281,4.993596,0.010449,1.583830,0.006612,1.512613,0.000000,0.000000,0.000000,0.000000,0.000000,0.000000,0.000000,0.000000
41.524206,0,0,0,0,1.269191,4.991295,0.010449,1.584600,0.006612,1.514918,0.000000,0.000000,0.000000,0.000000,0.000000,0.000000,0.000000,0.000000
41.524294,0,0,0,0,1.262128,4.990528,0.010449,1.582291,0.006612,1.514918,0.000000,0.000000,0.000000,0.000000,0.000000,0.000000,0.000000,0.000000
41.524382,0,0,0,0,1.255385,4.992062,0.010449,1.584600,0.006612,1.514918,0.000000,0.000000,0.000000,0.000000,0.000000,0.000000,0.000000,0.000000
41.524469,0,0,0,0,1.254262,4.992062,0.010449,1.583830,0.006612,1.514918,0.000000,0.000000,0.000000,0.000000,0.000000,0.000000,0.000000,0.000000
41.524557,0,0,0,0,1.253298,4.992062,0.010449,1.579983,0.006612,1.513381,0.000000,0.000000,0.000000,0.000000,0.000000,0.000000,0.000000,0.000000
41.524645,0,0,0,0,1.251854,4.992062,0.010449,1.582291,0.006612,1.514149,0.000000,0.000000,0.000000,0.000000,0.000000,0.000000,0.000000,0.000000
41.524733,0,0,0,0,1.246396,4.990528,0.010449,1.583061,0.006612,1.514149,0.000000,0.000000,0.000000,0.000000,0.000000,0.000000,0.000000,0.000000
41.524820,0,0,0,0,1.249927,4.991295,0.010449,1.583830,0.006612,1.514918,0.000000,0.000000,0.000000,0.000000,0.000000,0.000000,0.000000,0.000000
41.524908,0,0,0,0,1.253780,4.990528,0.010449,1.586908,0.006612,1.513381,0.000000,0.000000,0.000000,0.000000,0.000000,0.000000,0.000000,0.000000
41.524996,0,0,0,0,1.264375,4.989761,0.010449,1.583061,0.006612,1.516454,0.000000,0.000000,0.000000,0.000000,0.000000,0.000000,0.000000,0.000000
41.525084,0,0,0,0,1.263091,4.991295,0.010449,1.583830,0.006612,1.514149,0.000000,0.000000,0.000000,0.000000,0.000000,0.000000,0.000000,0.000000
41.525171,0,0,0,0,1.261967,4.992062,0.010449,1.583061,0.006612,1.514149,0.000000,0.000000,0.000000,0.000000,0.000000,0.000000,0.000000,0.000000
41.525259,0,0,0,0,1.264535,4.992829,0.010449,1.583061,0.006612,1.515686,0.000000,0.000000,0.000000,0.000000,0.000000,0.000000,0.000000,0.000000
41.525347,0,0,0,0,1.267746,4.989761,0.010449,1.583830,0.006612,1.515686,0.000000,0.000000,0.000000,0.000000,0.000000,0.000000,0.000000,0.000000
41.525435,0,0,0,0,1.266141,4.990528,0.010449,1.581522,0.006612,1.514918,0.000000,0.000000,0.000000,0.000000,0.000000,0.000000,0.000000,0.000000
41.525522,0,0,0,0,1.248643,4.991295,0.010449,1.583830,0.006612,1.514918,0.000000,0.000000,0.000000,0.000000,0.000000,0.000000,0.000000,0.000000
41.525610,0,0,0,0,1.250088,4.992062,0.010449,1.585369,0.006612,1.511844,0.000000,0.000000,0.000000,0.000000,0.000000,0.000000,0.000000,0.000000
41.525698,0,0,0,0,1.253459,4.991295,0.010449,1.583061,0.006612,1.513381,0.000000,0.000000,0.000000,0.000000,0.000000,0.000000,0.000000,0.000000
41.525786,0,0,0,0,1.267264,4.988226,0.010449,1.583830,0.006612,1.514918,0.000000,0.000000,0.000000,0.000000,0.000000,0.000000,0.000000,0.000000
41.525873,0,0,0,0,1.293270,4.985158,0.010449,1.583830,0.006612,1.514918,0.000000,0.000000,0.000000,0.000000,0.000000,0.000000,0.000000,0.000000
41.525961,0,0,0,0,1.309805,4.987459,0.010449,1.584600,0.006612,1.514149,0.000000,0.000000,0.000000,0.000000,0.000000,0.000000,0.000000,0.000000
41.526049,0,0,0,0,1.304347,4.987459,0.010449,1.585369,0.006612,1.512613,0.000000,0.000000,0.000000,0.000000,0.000000,0.000000,0.000000,0.000000
41.526137,0,0,0,0,1.289257,4.986692,0.010449,1.585369,0.006612,1.511844,0.000000,0.000000,0.000000,0.000000,0.000000,0.000000,0.000000,0.000000
41.526224,0,0,0,0,1.287010,4.990528,0.010449,1.583830,0.006612,1.514918,0.000000,0.000000,0.000000,0.000000,0.000000,0.000000,0.000000,0.000000
41.526312,0,0,0,0,1.279304,4.992829,0.010449,1.583061,0.006612,1.512613,0.000000,0.000000,0.000000,0.000000,0.000000,0.000000,0.000000,0.000000
41.526400,0,0,0,0,1.278020,4.988226,0.010449,1.581522,0.006612,1.514918,0.000000,0.000000,0.000000,0.000000,0.000000,0.000000,0.000000,0.000000
41.526488,0,0,0,0,1.307236,4.986692,0.010449,1.583061,0.006612,1.515686,0.000000,0.000000,0.000000,0.000000,0.000000,0.000000,0.000000,0.000000
57.224466,0,0,0,0,1.074790,5.002801,0.010449,1.583830,0.006612,1.512613,0.000000,0.000000,0.000000,0.000000,0.000000,0.000000,0.000000,0.000000
57.224554,0,0,0,0,1.074951,5.002034,0.010449,1.580752,0.006612,1.514149,0.000000,0.000000,0.000000,0.000000,0.000000,0.000000,0.000000,0.000000
57.224642,0,0,0,0,1.073185,5.001267,0.010449,1.581522,0.006612,1.513381,0.000000,0.000000,0.000000,0.000000,0.000000,0.000000,0.000000,0.000000
57.224730,0,0,0,0,1.065479,5.003568,0.010449,1.584600,0.006612,1.514149,0.000000,0.000000,0.000000,0.000000,0.000000,0.000000,0.000000,0.000000
57.224817,0,0,0,0,1.065800,5.002801,0.010449,1.581522,0.006612,1.514149,0.000000,0.000000,0.000000,0.000000,0.000000,0.000000,0.000000,0.000000
57.224905,0,0,0,0,1.063232,4.999733,0.010449,1.582291,0.006612,1.511844,0.000000,0.000000,0.000000,0.000000,0.000000,0.000000,0.000000,0.000000
57.224993,0,0,0,0,1.063392,5.002034,0.010449,1.582291,0.006612,1.514918,0.000000,0.000000,0.000000,0.000000,0.000000,0.000000,0.000000,0.000000
57.225081,0,0,0,0,1.070135,5.003568,0.010449,1.583061,0.006612,1.514918,0.000000,0.000000,0.000000,0.000000,0.000000,0.000000,0.000000,0.000000
57.225168,0,0,0,0,1.069493,5.002034,0.010449,1.581522,0.006612,1.514149,0.000000,0.000000,0.000000,0.000000,0.000000,0.000000,0.000000,0.000000
57.225256,0,0,0,0,1.064837,5.003568,0.010449,1.580752,0.006612,1.513381,0.000000,0.000000,0.000000,0.000000,0.000000,0.000000,0.000000,0.000000
57.225344,0,0,0,0,1.071098,5.003568,0.010449,1.583061,0.006612,1.514149,0.000000,0.000000,0.000000,0.000000,0.000000,0.000000,0.000000,0.000000
57.225432,0,0,0,0,1.066121,5.001267,0.010449,1.582291,0.006612,1.515686,0.000000,0.000000,0.000000,0.000000,0.000000,0.000000,0.000000,0.000000
57.225519,0,0,0,0,1.069011,4.999733,0.010449,1.581522,0.006612,1.513381,0.000000,0.000000,0.000000,0.000000,0.000000,0.000000,0.000000,0.000000
57.225607,0,0,0,0,1.070937,5.002034,0.010449,1.582291,0.006612,1.514918,0.000000,0.000000,0.000000,0.000000,0.000000,0.000000,0.000000,0.000000
57.225695,0,0,0,0,1.065640,5.002034,0.010449,1.581522,0.006612,1.514149,0.000000,0.000000,0.000000,0.000000,0.000000,0.000000,0.000000,0.000000
57.225783,0,0,0,0,1.061145,4.998966,0.010449,1.583061,0.006612,1.512613,0.000000,0.000000,0.000000,0.000000,0.000000,0.000000,0.000000,0.000000
57.225870,0,0,0,0,1.071419,5.001267,0.010449,1.581522,0.006612,1.511076,0.000000,0.000000,0.000000,0.000000,0.000000,0.000000,0.000000,0.000000
57.225958,0,0,0,0,1.072382,5.002034,0.010449,1.583061,0.006612,1.511844,0.000000,0.000000,0.000000,0.000000,0.000000,0.000000,0.000000,0.000000
57.226046,0,0,0,0,1.071579,5.001267,0.010449,1.579983,0.006612,1.512613,0.000000,0.000000,0.000000,0.000000,0.000000,0.000000,0.000000,0.000000
57.226134,0,0,0,0,1.069011,5.002034,0.010449,1.582291,0.006612,1.514149,0.000000,0.000000,0.000000,0.000000,0.000000,0.000000,0.000000,0.000000
57.226221,0,0,0,0,1.065961,5.001267,0.010449,1.585369,0.006612,1.512613,0.000000,0.000000,0.000000,0.000000,0.000000,0.000000,0.000000,0.000000
57.226309,0,0,0,0,1.066603,5.000500,0.010449,1.582291,0.006612,1.514149,0.000000,0.000000,0.000000,0.000000,0.000000,0.000000,0.000000,0.000000
57.226397,0,0,0,0,1.055687,5.003568,0.010449,1.583830,0.006612,1.512613,0.000000,0.000000,0.000000,0.000000,0.000000,0.000000,0.000000,0.000000
57.226485,0,0,0,0,1.052637,5.005102,0.010449,1.581522,0.006612,1.510308,0.000000,0.000000,0.000000,0.000000,0.000000,0.000000,0.000000,0.000000
57.226572,0,0,0,0,1.047661,5.002801,0.010449,1.583830,0.006612,1.513381,0.000000,0.000000,0.000000,0.000000,0.000000,0.000000,0.000000,0.000000
57.226660,0,0,0,0,1.051513,5.003568,0.010449,1.582291,0.006612,1.514918,0.000000,0.000000,0.000000,0.000000,0.000000,0.000000,0.000000,0.000000
57.226748,0,0,0,0,1.051513,5.004335,0.010449,1.582291,0.006612,1.515686,0.000000,0.000000,0.000000,0.000000,0.000000,0.000000,0.000000,0.000000
57.226836,0,0,0,0,1.075111,4.998966,0.010449,1.582291,0.006612,1.513381,0.000000,0.000000,0.000000,0.000000,0.000000,0.000000,0.000000,0.000000
57.226923,0,0,0,0,1.108822,4.998199,0.010449,1.582291,0.006612,1.513381,0.000000,0.000000,0.000000,0.000000,0.000000,0.000000,0.000000,0.000000
57.227011,0,0,0,0,1.160352,4.995897,0.010449,1.582291,0.006612,1.514149,0.000000,0.000000,0.000000,0.000000,0.000000,0.000000,0.000000,0.000000
57.227099,0,0,0,0,1.179616,4.995130,0.010449,1.582291,0.006612,1.514149,0.000000,0.000000,0.000000,0.000000,0.000000,0.000000,0.000000,0.000000
57.227187,0,0,0,0,1.179616,4.994363,0.010449,1.583830,0.006612,1.515686,0.000000,0.000000,0.000000,0.000000,0.000000,0.000000,0.000000,0.000000
57.227282,0,0,0,0,1.195347,4.993596,0.010449,1.582291,0.006612,1.513381,0.000000,0.000000,0.000000,0.000000,0.000000,0.000000,0.000000,0.000000
57.227370,0,0,0,0,1.215414,4.995130,0.010449,1.583830,0.006612,1.514149,0.000000,0.000000,0.000000,0.000000,0.000000,0.000000,0.000000,0.000000
57.227457,0,0,0,0,1.220069,4.991295,0.010449,1.582291,0.006612,1.512613,0.000000,0.000000,0.000000,0.000000,0.000000,0.000000,0.000000,0.000000
57.227545,0,0,0,0,1.226811,4.991295,0.010449,1.580752,0.006612,1.514149,0.000000,0.000000,0.000000,0.000000,0.000000,0.000000,0.000000,0.000000
57.227633,0,0,0,0,1.235319,4.991295,0.010449,1.582291,0.006612,1.514149,0.000000,0.000000,0.000000,0.000000,0.000000,0.000000,0.000000,0.000000
57.227721,0,0,0,0,1.236443,4.992829,0.010449,1.580752,0.006612,1.514149,0.000000,0.000000,0.000000,0.000000,0.000000,0.000000,0.000000,0.000000
57.227809,0,0,0,0,1.239814,4.992829,0.010449,1.582291,0.006612,1.512613,0.000000,0.000000,0.000000,0.000000,0.000000,0.000000,0.000000,0.000000
57.227896,0,0,0,0,1.242864,4.990528,0.010449,1.582291,0.006612,1.514149,0.000000,0.000000,0.000000,0.000000,0.000000,0.000000,0.000000,0.000000
57.227984,0,0,0,0,1.243988,4.992062,0.010449,1.582291,0.006612,1.513381,0.000000,0.000000,0.000000,0.000000,0.000000,0.000000,0.000000,0.000000
57.228072,0,0,0,0,1.215253,4.993596,0.010449,1.581522,0.006612,1.512613,0.000000,0.000000,0.000000,0.000000,0.000000,0.000000,0.000000,0.000000
57.228160,0,0,0,0,1.178010,4.996664,0.010449,1.582291,0.006612,1.514149,0.000000,0.000000,0.000000,0.000000,0.000000,0.000000,0.000000,0.000000
57.228247,0,0,0,0,1.149436,4.998199,0.010449,1.585369,0.006612,1.514149,0.000000,0.000000,0.000000,0.000000,0.000000,0.000000,0.000000,0.000000
57.228335,0,0,0,0,1.131938,4.996664,0.010449,1.583830,0.006612,1.512613,0.000000,0.000000,0.000000,0.000000,0.000000,0.000000,0.000000,0.000000
57.228423,0,0,0,0,1.119417,5.000500,0.010449,1.581522,0.006612,1.513381,0.000000,0.000000,0.000000,0.000000,0.000000,0.000000,0.000000,0.000000
57.228511,0,0,0,0,1.107538,4.998966,0.010449,1.583061,0.006612,1.512613,0.000000,0.000000,0.000000,0.000000,0.000000,0.000000,0.000000,0.000000
57.228598,0,0,0,0,1.099351,5.000500,0.010449,1.583830,0.006612,1.514149,0.000000,0.000000,0.000000,0.000000,0.000000,0.000000,0.000000,0.000000
57.228686,0,0,0,0,1.101117,5.001267,0.010449,1.581522,0.006612,1.513381,0.000000,0.000000,0.000000,0.000000,0.000000,0.000000,0.000000,0.000000
57.228774,0,0,0,0,1.093251,5.000500,0.010449,1.584600,0.006612,1.515686,0.000000,0.000000,0.000000,0.000000,0.000000,0.000000,0.000000,0.000000
57.228862,0,0,0,0,1.089559,4.998966,0.010449,1.583061,0.006612,1.513381,0.000000,0.000000,0.000000,0.000000,0.000000,0.000000,0.000000,0.000000
57.228949,0,0,0,0,1.101117,5.004335,0.010449,1.582291,0.006612,1.511844,0.000000,0.000000,0.000000,0.000000,0.000000,0.000000,0.000000,0.000000
57.229037,0,0,0,0,1.095338,5.000500,0.010449,1.581522,0.006612,1.513381,0.000000,0.000000,0.000000,0.000000,0.000000,0.000000,0.000000,0.000000
57.229125,0,0,0,0,1.084101,5.002034,0.010449,1.583061,0.006612,1.515686,0.000000,0.000000,0.000000,0.000000,0.000000,0.000000,0.000000,0.000000
57.229213,0,0,0,0,1.080409,4.998966,0.010449,1.583830,0.006612,1.514918,0.000000,0.000000,0.000000,0.000000,0.000000,0.000000,0.000000,0.000000
57.229300,0,0,0,0,1.083780,5.002034,0.010449,1.583061,0.006612,1.514149,0.000000,0.000000,0.000000,0.000000,0.000000,0.000000,0.000000,0.000000
57.229388,0,0,0,0,1.082495,5.000500,0.010449,1.583061,0.006612,1.511076,0.000000,0.000000,0.000000,0.000000,0.000000,0.000000,0.000000,0.000000
57.229476,0,0,0,0,1.072703,5.001267,0.010449,1.584600,0.006612,1.514918,0.000000,0.000000,0.000000,0.000000,0.000000,0.000000,0.000000,0.000000
57.229564,0,0,0,0,1.081532,5.002801,0.010449,1.584600,0.006612,1.513381,0.000000,0.000000,0.000000,0.000000,0.000000,0.000000,0.000000,0.000000
57.229651,0,0,0,0,1.083940,4.999733,0.010449,1.582291,0.006612,1.512613,0.000000,0.000000,0.000000,0.000000,0.000000,0.000000,0.000000,0.000000
57.229739,0,0,0,0,1.077840,5.001267,0.010449,1.583061,0.006612,1.514918,0.000000,0.000000,0.000000,0.000000,0.000000,0.000000,0.000000,0.000000
57.229827,0,0,0,0,1.070456,5.002034,0.010449,1.582291,0.006612,1.512613,0.000000,0.000000,0.000000,0.000000,0.000000,0.000000,0.000000,0.000000
57.229915,0,0,0,0,1.071258,5.002034,0.010449,1.582291,0.006612,1.512613,0.000000,0.000000,0.000000,0.000000,0.000000,0.000000,0.000000,0.000000
57.230002,0,0,0,0,1.069332,4.999733,0.010449,1.582291,0.006612,1.513381,0.000000,0.000000,0.000000,0.000000,0.000000,0.000000,0.000000,0.000000
57.325081,0,0,0,0,1.083298,4.999733,0.010449,1.579983,0.006612,1.514918,0.000000,0.000000,0.000000,0.000000,0.000000,0.000000,0.000000,0.000000
57.325169,0,0,0,0,1.108180,5.000500,0.010449,1.582291,0.006612,1.514918,0.000000,0.000000,0.000000,0.000000,0.000000,0.000000,0.000000,0.000000
57.325256,0,0,0,0,1.101759,5.002034,0.010449,1.583061,0.006612,1.514149,0.000000,0.000000,0.000000,0.000000,0.000000,0.000000,0.000000,0.000000
57.325344,0,0,0,0,1.098548,4.999733,0.010449,1.580752,0.006612,1.514918,0.000000,0.000000,0.000000,0.000000,0.000000,0.000000,0.000000,0.000000
57.325432,0,0,0,0,1.084743,4.997432,0.010449,1.579983,0.006612,1.514149,0.000000,0.000000,0.000000,0.000000,0.000000,0.000000,0.000000,0.000000
57.325520,0,0,0,0,1.083138,5.000500,0.010449,1.583061,0.006612,1.512613,0.000000,0.000000,0.000000,0.000000,0.000000,0.000000,0.000000,0.000000
57.325607,0,0,0,0,1.081693,5.002034,0.010449,1.579983,0.006612,1.513381,0.000000,0.000000,0.000000,0.000000,0.000000,0.000000,0.000000,0.000000
57.325695,0,0,0,0,1.076235,5.003568,0.010449,1.581522,0.006612,1.514149,0.000000,0.000000,0.000000,0.000000,0.000000,0.000000,0.000000,0.000000
57.325783,0,0,0,0,1.071098,5.000500,0.010449,1.583061,0.006612,1.514918,0.000000,0.000000,0.000000,0.000000,0.000000,0.000000,0.000000,0.000000
57.325871,0,0,0,0,1.073987,5.003568,0.010449,1.583061,0.006612,1.513381,0.000000,0.000000,0.000000,0.000000,0.000000,0.000000,0.000000,0.000000
57.325959,0,0,0,0,1.062750,5.003568,0.010449,1.583061,0.006612,1.514918,0.000000,0.000000,0.000000,0.000000,0.000000,0.000000,0.000000,0.000000
57.326046,0,0,0,0,1.056971,5.003568,0.010449,1.582291,0.006612,1.514918,0.000000,0.000000,0.000000,0.000000,0.000000,0.000000,0.000000,0.000000
57.326134,0,0,0,0,1.053119,5.003568,0.010449,1.582291,0.006612,1.513381,0.000000,0.000000,0.000000,0.000000,0.000000,0.000000,0.000000,0.000000
57.326222,0,0,0,0,1.059700,5.003568,0.010449,1.583061,0.006612,1.514149,0.000000,0.000000,0.000000,0.000000,0.000000,0.000000,0.000000,0.000000
57.326310,0,0,0,0,1.057453,5.002034,0.010449,1.582291,0.006612,1.512613,0.000000,0.000000,0.000000,0.000000,0.000000,0.000000,0.000000,0.000000
57.326397,0,0,0,0,1.058577,5.003568,0.010449,1.583061,0.006612,1.514149,0.000000,0.000000,0.000000,0.000000,0.000000,0.000000,0.000000,0.000000
57.326485,0,0,0,0,1.056811,5.003568,0.010449,1.583061,0.006612,1.514918,0.000000,0.000000,0.000000,0.000000,0.000000,0.000000,0.000000,0.000000
57.326573,0,0,0,0,1.049266,5.002034,0.010449,1.583830,0.006612,1.514918,0.000000,0.000000,0.000000,0.000000,0.000000,0.000000,0.000000,0.000000
57.326661,0,0,0,0,1.054403,5.005870,0.010449,1.584600,0.006612,1.514149,0.000000,0.000000,0.000000,0.000000,0.000000,0.000000,0.000000,0.000000
57.326748,0,0,0,0,1.059861,5.005102,0.010449,1.583061,0.006612,1.513381,0.000000,0.000000,0.000000,0.000000,0.000000,0.000000,0.000000,0.000000
57.326836,0,0,0,0,1.076556,4.999733,0.010449,1.582291,0.006612,1.514149,0.000000,0.000000,0.000000,0.000000,0.000000,0.000000,0.000000,0.000000
57.326924,0,0,0,0,1.077840,5.001267,0.010449,1.580752,0.006612,1.513381,0.000000,0.000000,0.000000,0.000000,0.000000,0.000000,0.000000,0.000000
57.327012,0,0,0,0,1.069171,5.002801,0.010449,1.584600,0.006612,1.512613,0.000000,0.000000,0.000000,0.000000,0.000000,0.000000,0.000000,0.000000
57.327099,0,0,0,0,1.067245,5.004335,0.010449,1.584600,0.006612,1.515686,0.000000,0.000000,0.000000,0.000000,0.000000,0.000000,0.000000,0.000000
57.327187,0,0,0,0,1.065479,5.000500,0.010449,1.581522,0.006612,1.514149,0.000000,0.000000,0.000000,0.000000,0.000000,0.000000,0.000000,0.000000
57.327275,0,0,0,0,1.063392,5.003568,0.010449,1.583061,0.006612,1.512613,0.000000,0.000000,0.000000,0.000000,0.000000,0.000000,0.000000,0.000000
57.327363,0,0,0,0,1.061787,5.004335,0.010449,1.580752,0.006612,1.512613,0.000000,0.000000,0.000000,0.000000,0.000000,0.000000,0.000000,0.000000
57.327450,0,0,0,0,1.056169,5.000500,0.010449,1.582291,0.006612,1.513381,0.000000,0.000000,0.000000,0.000000,0.000000,0.000000,0.000000,0.000000
57.327538,0,0,0,0,1.061145,5.001267,0.010449,1.583061,0.006612,1.515686,0.000000,0.000000,0.000000,0.000000,0.000000,0.000000,0.000000,0.000000
57.327626,0,0,0,0,1.053600,5.005102,0.010449,1.584600,0.006612,1.513381,0.000000,0.000000,0.000000,0.000000,0.000000,0.000000,0.000000,0.000000
57.327714,0,0,0,0,1.052155,5.000500,0.010449,1.582291,0.006612,1.513381,0.000000,0.000000,0.000000,0.000000,0.000000,0.000000,0.000000,0.000000
57.327801,0,0,0,0,1.058416,5.005102,0.010449,1.581522,0.006612,1.511844,0.000000,0.000000,0.000000,0.000000,0.000000,0.000000,0.000000,0.000000
60.525241,0,0,0,0,1.448662,4.975953,0.010449,1.583061,0.006612,1.513381,0.000000,0.000000,0.000000,0.000000,0.000000,0.000000,0.000000,0.000000
60.525328,0,0,0,0,1.445773,4.975186,0.010449,1.582291,0.006612,1.514149,0.000000,0.000000,0.000000,0.000000,0.000000,0.000000,0.000000,0.000000
60.525416,0,0,0,0,1.452034,4.972885,0.010449,1.584600,0.006612,1.513381,0.000000,0.000000,0.000000,0.000000,0.000000,0.000000,0.000000,0.000000
60.525504,0,0,0,0,1.447378,4.976720,0.010449,1.581522,0.006612,1.514918,0.000000,0.000000,0.000000,0.000000,0.000000,0.000000,0.000000,0.000000
60.525592,0,0,0,0,1.441439,4.975186,0.010449,1.582291,0.006612,1.515686,0.000000,0.000000,0.000000,0.000000,0.000000,0.000000,0.000000,0.000000
60.525679,0,0,0,0,1.444810,4.976720,0.010449,1.581522,0.006612,1.514149,0.000000,0.000000,0.000000,0.000000,0.000000,0.000000,0.000000,0.000000
60.525767,0,0,0,0,1.439512,4.975953,0.010449,1.582291,0.006612,1.514149,0.000000,0.000000,0.000000,0.000000,0.000000,0.000000,0.000000,0.000000
60.525855,0,0,0,0,1.443044,4.971350,0.010449,1.584600,0.006612,1.514918,0.000000,0.000000,0.000000,0.000000,0.000000,0.000000,0.000000,0.000000
